	target_name	target_desc	target_values	target_type
0	project.project.id	project.The unique identifier for this record in the 'project' table.	{}	string
1	study.project_id	study.Foreign key relating 'study' data to 'projects'.	{'parent-ARIC_DS-CVD-IRB_': 1, 'parent-PCGC_DS-CHD_': 1, 'tutorial-biolincc_digitalis': 1, 'BioLINCC-BL_PIOPED_GRU': 1, 'parent-MGH_AF_DS-AF-IRB-RD_': 1, 'heartfailure-Fam_CHD_HMB': 1, 'topmed-IPF_HMB-IRB-NPU': 1, 'heartfailure-Fam_DC_DS-FDC': 1, 'parent-GALAII_DS-LD-IRB-COL_': 1, 'BioLINCC-BL_BHS_HMB-MDS': 1}	string
2	study.submitter_id	study.The unique identifier for this record in the 'study' table.	{'phs000280.v8.p2.c2': 1, 'phs001194.v4.p3.c2': 1, 'biolincc_digitalis_study': 1, 'phs004020.v1.p1.c1': 1, 'phs001001.v1.p1.c2': 1, 'phs000758.v1.p1.c1': 1, 'phs001607.v4.p3.c5': 1, 'phs000581.v1.p1.c1': 1, 'phs001180.v2.p1.c2': 1, 'phs004173.v1.p1.c1': 1}	string
3	study.dbgap_accession	study.The dbgap accession number provided for the project (example, phs123456.v1.p1.c1).	{}	string
4	study.dbgap_consent	study.The dbGaP consent number (example, c1).	{'c1': 284, 'c2': 75, 'c3': 15, 'c4': 12}	string
5	study.dbgap_consent_text	study.The dbGaP consent text (example, HMB-IRB).	{'GRU': 130, 'HMB': 37, 'HMB-MDS': 26, 'HMB-IRB': 15, 'HMB-NPU': 14, 'HMB-NPU-MDS': 9, 'HMB-IRB-NPU': 7, 'HMB-IRB-MDS': 7, 'DS-CVD-IRB': 7, 'DS-ASTHMA-IRB-COL': 6, 'HMB-IRB-NPU-MDS': 6, 'DS-CVD': 6, 'GRU-IRB': 5, 'DS-CVD-MDS': 5, 'DS-CVD-NPU-MDS': 5, 'DS-LD-IRB-COL': 4, 'DS-CS': 4}	string
6	study.dbgap_participant_set	study.The dbGaP participant set (example, p1).	{'p1': 306, 'p2': 64, 'p3': 17, 'p5': 4}	string
7	study.dbgap_phs	study.The dbGaP phs accession (example, phs123456).	{'phs001927': 8, 'phs002909': 8, 'phs001607': 6, 'phs000286': 4, 'phs003639': 4, 'phs000964': 4, 'phs001368': 4, 'phs002913': 4, 'phs003740': 4, 'phs002907': 4, 'phs003747': 4, 'phs000287': 4}	string
8	study.dbgap_version	study.The dbGaP version (example, v1).	{'v1': 224, 'v2': 55, 'v3': 39, 'v4': 23, 'v5': 17, 'v6': 16, 'v7': 10, 'v8': 5}	string
9	study.full_name	study.The full name for the project.	{'NHLBI TOPMed: Coronary Artery Risk Development in Young Adults (CARDIA)': 9, 'Collaborative Cohort of Cohorts for COVID-19 Research (C4R): Subpopulations and Intermediate Outcome Measures in COPD Study (SPIROMICS)': 7, 'NHLBI TOPMed: Pulmonary Fibrosis Whole Genome Sequencing': 6, 'Jackson Heart Study (JHS) Cohort': 4, 'Cardiovascular Health Study (CHS) - Imaging': 4, 'NHLBI TOPMed: The Jackson Heart Study (JHS)': 4, 'NHLBI TOPMed: Trans-Omics for Precision Medicine (TOPMed) Whole Genome Sequencing Project: Cardiovascular Health Study': 4, 'The Collaborative Cohort of Cohorts for COVID-19 Research (C4R): Severe Asthma Research Program (SARP)': 4, 'Jackson Heart Study (JHS-BioLINCC)': 4, 'Collaborative Cohort of Cohorts for COVID-19 Research (C4R): Jackson Heart Study (JHS)': 4, 'Jackson Heart Study - Images': 4, 'Cardiovascular Health Study (CHS) Cohort: an NHLBI-funded observational study of risk factors for cardiovascular disease in adults 65 years or older': 4}	string
10	study.short_name	study.The shorthand name for the project.	{'CHS': 4}	string
11	study.study_description	study.A brief description of the study being performed. Free text	"{'Adverse effects of the coronavirus disease 2019 (COVID19) pandemic on US society, health, and economy are widespread. The Collaborative Cohort of Cohorts for COVID-19 Research (C4R) aims to advance our knowledge on the impact of the COVID-19 pandemic in the United States. C4R is a diverse national prospective study comprising 14 long-standing prospective cohort studies and over 49,000 participants with extensive pre-COVID-19 phenotype data. C4R links pre-pandemic data on clinical and subclinical diseases and their risk factors, including behavior, cognition, biomarkers, and social determinants of health, to information on severe acute respiratory syndrome coronavirus 2 (SARS-CoV-2) infection and acute and post-acute COVID-related illness. Ascertainment of COVID-19 infection occurs via standardized questionnaires, adjudication of COVID-related hospitalizations and deaths, and SARS-CoV-2 serosurvey via dried blood spot cards. C4R is investigating the following research questions: 1) how pre-existing health conditions affect risk of severe or prolonged COVID-19 related illness; 2) how SARS-CoV-2 infection and COVID-19 illness affect long-term health; and 3) how the pandemic has affected health-related behaviors and non-COVID health outcomes. This resource will allow evaluation of risk and resilience factors for COVID-19 severity and long-term health effects.': 9, 'This study is part of the NHLBI Trans-Omics for Precision Medicine (TOPMed) Whole Genome Sequencing Program. TOPMed is part of a broader Precision Medicine Initiative, which aims to provide disease treatments that are tailored to an individual\'s unique genes and environment. TOPMed will contribute to this initiative through the integration of whole-genome sequencing (WGS) and other -omics (e.g., metabolic profiles, protein and RNA expression patterns) data with molecular, behavioral, imaging, environmental, and clinical data. In doing so, this program aims to uncover factors that increase or decrease the risk of disease, to identify subtypes of disease, and to develop more targeted and personalized treatments. Two genotype call sets derived from WGS are now available, Freeze 9b (GRCh38) and Freeze 10b (GRCh38), with largely overlapping sample sets. Information about how to identify other TOPMed WGS accessions for cross-study analysis, as well as descriptions of TOPMed methods of data acquisition, data processing and quality control, are provided in the accompanying documents, ""TOPMed Whole Genome Sequencing Project - Freeze 9b, Phases 1-4"" and ""TOPMed Whole Genome Sequencing Project - Freeze 10b, Phases 1-8"". Please check the study list at the top of each of these methods documents to determine whether it applies to this study accession. CARDIA is a study examining the etiology and natural history of cardiovascular disease beginning in young adulthood. In 1985-1986, a cohort of 5115 healthy black and white men and women, aged 18-30 years, were selected to have approximately the same number of people in subgroups of age (18-24 and 25-30), sex, race, and education (high school or less, and more than high school) within each of four US Field Centers. These same participants were asked to participate in follow-up examinations during 1987-1988 (Year 2), 1990-1991 (Year 5), 1992-1993 (Year 7), 1995-1996 (Year 10), 2000-2001 (Year 15), 2005-2006 (Year 20), 2010-2011 (Year 25) and 2015-2016 (Year 30). In addition to the follow-up examinations, participants are contacted regularly for the ascertainment of information on out-patient procedures and hospitalizations experienced between contacts. Within the past five years, 95% of the original surviving cohort has been contacted. While the specifics of each examination have differed somewhat, data have been collected on a variety of factors believed to be related to heart disease. These include conditions with clear links to heart disease, such as blood pressure, cholesterol and other lipids. Data have also been collected on physical measurements, such as weight and skinfold fat, as well as lifestyle factors such as substance use (tobacco and alcohol), dietary and exercise patterns, behavioral and psychological variables, medical and family history, and other chemistries (e.g., insulin and glucose). In addition, subclinical atherosclerosis was measured via echocardiography during Years 5, 10, and 25, computed tomography during Years 15 and 20, and carotid ultrasound during Year 20.': 9, 'IPF is a complex genetic disorder that is associated with sequence changes in specific genes. We have previously found that genetic risk variants play major and similar roles in the development of both familial and sporadic IPF. In this proposal, we plan to definitively and comprehensively define the role of rare variants in the development of familial and sporadic IPF and explore how these rare variants interact with the strongest known etiologic factors for IPF (MUC5B promoter variant and cigarette smoking). We chose to focus on IPF in this proposal because IPF is the most common and severe fIIP, is a well-defined phenotype, affects 5 million worldwide, and is likely underdiagnosed. The findings from our previous research, as well as that of others, lead us to conclude that IPF is caused by rare, uncommon, and common variants in a number of risk genes that function alone and/or in concert to influence the risk of developing familial and sporadic forms of IPF, and that familial and sporadic IPF have a similar genetic etiology.': 6, 'This study is part of the NHLBI Trans-Omics for Precision Medicine (TOPMed) Whole Genome Sequencing Program. TOPMed is part of a broader Precision Medicine Initiative, which aims to provide disease treatments that are tailored to an individual\'s unique genes and environment. TOPMed will contribute to this initiative through the integration of whole-genome sequencing (WGS) and other -omics (e.g., metabolic profiles, protein and RNA expression patterns) data with molecular, behavioral, imaging, environmental, and clinical data. In doing so, this program aims to uncover factors that increase or decrease the risk of disease, to identify subtypes of disease, and to develop more targeted and personalized treatments. Two genotype call sets derived from WGS are now available, Freeze 8 (GRCh38) and Freeze 9b (GRCh38), with largely overlapping sample sets. Information about how to identify other TOPMed WGS accessions for cross-study analysis, as well as descriptions of TOPMed methods of data acquisition, data processing and quality control, are provided in the accompanying documents, ""TOPMed Whole Genome Sequencing Project - Freeze 8, Phases 1-4"" and ""TOPMed Whole Genome Sequencing Project - Freeze 9b, Phases 1-4"". Please check the study list at the top of each of these methods documents to determine whether it applies to this study accession.': 6, 'The Jackson Heart Study (JHS) is a large, community-based, observational study whose participants were recruited from urban and rural areas of the three counties (Hinds, Madison and Rankin) that make up the Jackson, MS metropolitan statistical area (MSA). Participants were enrolled from each of 4 recruitment pools: (1) random, 17%, (2) volunteer, 30%, (3) currently enrolled in the Atherosclerosis Risk in Communities (ARIC) Study, 31%, and (4) secondary family members, 22%. The final cohort of 5,306 participants included 6.59% of all African American Jackson MSA residents, aged 35-84, during the baseline exam (N-76,426, US Census 2000). Among these, approximately 3,600 gave consent that allows genetic research and deposition of data into dbGaP. Major components of three clinic examinations (see study history) include medical history, physical examination, blood/urine analytes, and interview questions on areas such as physical activity, stress, coping and spirituality, racism and discrimination, socioeconomic position, and access to health care. Extensive clinical phenotyping includes anthropometrics, electrocardiography, carotid ultrasound, ankle-brachial blood pressure index, echocardiography, CT chest and abdomen for coronary and aortic calcification, liver fat, and subcutaneous and visceral fat measurements, and cardiac MRI. At 12-month intervals after the baseline clinic visit (Exam 1), participants have been contacted by telephone to update information, confirm vital statistics, document interim medical events, hospitalizations and functional status, and obtain additional sociocultural information. Questions about medical events, symptoms of cardiovascular disease and functional status are repeated annually. Ongoing cohort surveillance includes abstraction of medical records and death certificates for relevant International Classification of Diseases (ICD) codes and adjudication of nonfatal events and deaths. CMS data are currently being incorporated into the dataset.': 4, 'The Cardiovascular Health Study (CHS) is a prospective study of risk factors for development and progression of coronary heart disease (CHD) and stroke in people aged 65 years and older. The 5,888 study participants were recruited from four U.S. communities and have undergone extensive clinic examinations for evaluation of markers of subclinical cardiovascular disease. The original cohort, enrolled in 1989-90, totaled 5,201 participants. A supplemental cohort of 687 predominantly African-American participants was enrolled in 1992-93. Clinic examinations were performed at study baseline and at annual visits through 1998-1999, and again in 2005-2006. Examination components included medical and personal history, medication inventory, ECG, blood pressure, anthropometry, assessment of physical and cognitive function, and depression screening. Other components done less frequently included phlebotomy, spirometry, echocardiography, carotid ultrasound, cerebral magnetic resonance imaging, measurement of ankle-brachial index and retinal exam. Participants were contacted by telephone annually between exams to collect information about hospitalizations and potential cardiovascular events. Since 1999, participants have been contacted every six months by phone, primarily to identify cardiovascular events and to assess physical and cognitive health. Standard protocols for the identification and adjudication of events were implemented during follow-up. The adjudicated events are myocardial infarction, angina, heart failure (HF), stroke, transient ischemic attack (TIA), claudication, and mortality.': 4, 'This study is part of the NHLBI Trans-Omics for Precision Medicine (TOPMed) Whole Genome Sequencing Program. TOPMed is part of a broader Precision Medicine Initiative, which aims to provide disease treatments that are tailored to an individual\'s unique genes and environment. TOPMed will contribute to this initiative through the integration of whole-genome sequencing (WGS) and other -omics (e.g., metabolic profiles, protein and RNA expression patterns) data with molecular, behavioral, imaging, environmental, and clinical data. In doing so, this program aims to uncover factors that increase or decrease the risk of disease, to identify subtypes of disease, and to develop more targeted and personalized treatments. Two genotype call sets derived from WGS are now available, Freeze 5b (GRCh38) and Freeze 8 (GRCh38), with largely overlapping sample sets. Information about how to identify other TOPMed WGS accessions for cross-study analysis, as well as descriptions of TOPMed methods of data acquisition, data processing and quality control, are provided in the accompanying documents,  ""TOPMed Whole Genome Sequencing Project - Freeze 5b, Phases 1 and 2"" and ""TOPMed Whole Genome Sequencing Project - Freeze 8, Phases 1-4"". Please check the study list at the top of each of these methods documents to determine whether it applies to this study accession.Since there is a greater prevalence of cardiovascular disease among African Americans, the purpose of the Jackson Heart Study (JHS) is to explore the reasons for this disparity and to uncover new approaches to reduce it. The JHS is a large, community-based, observational study whose 5306 participants were recruited from among the non-institutionalized African-American adults from urban and rural areas of the three counties (Hinds, Madison, and Rankin) that make up the Jackson, MS, metropolitan statistical area (MSA). Jackson is the capital of Mississippi, the state with the largest percentage (36.3%) of African Americans in the United States. The JHS design included participants from the Jackson ARIC study who had originally been recruited through random selection from a drivers\' license registry. Approximately six months before the JHS was to begin, an amendment to the federal Driver\'s Privacy Protection Act was passed that changed the level of consent for public release of personal information from driver\'s license lists from an ""opt out"" to an ""opt in"" basis. The Mississippi Highway Patrol was no longer able to release a complete listing of all persons with driver\'s licenses or state identification cards, which prevented its use in the JHS. New JHS participants were chosen randomly from the Accudata America commercial listing, which provides householder name, address, zip code, phone number (if available), age group in decades, and family components. The Accudata list was deemed to provide the most complete count of households for individuals aged 55 years and older in the Jackson MSA. A structured volunteer sample was also included in which demographic cells for recruitment were designed to mirror the eligible population. Enrollment was opened to volunteers who met census-derived age, sex, and socioeconomic status (SES) eligibility criteria for the Jackson MSA. In addition, a family component was included in the JHS. The sampling frame for the family study was a participant in any one of the ARlC, random, or volunteer samples whose family size met eligibility requirements. Eligibility included having at least two full siblings and four first degree relatives (parents, siblings, children over the age of 21) who lived in the Jackson MSA and who were willing to participate in the study. No upper age limit was placed on the family sample. Known contact information was obtained during the baseline clinic examination from the index family member with a verbal pedigree format to identify name(s), age(s), address (es), and telephone number(s). Recruitment was limited to persons 35-84 years old except in the family cohort, where those 21 years old and above were eligible. Only persons who otherwise met study criteria but were deemed to be physically or mentally incompetent by trained recruiters were excluded from study eligibility.1  1 Wyatt SB, Diekelmann N, Henderson F, Andrew ME, Billingsley G, Felder SH et al. A community-driven model of research participation: the Jackson Heart Study Participant Recruitment and Retention Study. Ethn Dis 2003; 13(4):438-455 (PMID: 14632263). Study Weblinks:Jackson Heart Study Study Design:     Prospective Longitudinal Cohort Study Type:Longitudinal CohortdbGaP estimated ancestry usingGRAF-popNumber of study subjects that have individual-level data available through Authorized Access:NOTE: This text was scraped from https://www.ncbi.nlm.nih.gov/phs000964 on 2021-03-17 and may not include exact formatting or images.': 4, 'This study is part of the NHLBI Trans-Omics for Precision Medicine (TOPMed) Whole Genome Sequencing Program. TOPMed is part of a broader Precision Medicine Initiative, which aims to provide disease treatments that are tailored to an individual\'s unique genes and environment. TOPMed will contribute to this initiative through the integration of whole-genome sequencing (WGS) and other -omics (e.g., metabolic profiles, protein and RNA expression patterns) data with molecular, behavioral, imaging, environmental, and clinical data. In doing so, this program aims to uncover factors that increase or decrease the risk of disease, to identify subtypes of disease, and to develop more targeted and personalized treatments. Two genotype call sets derived from WGS are now available, Freeze 9b (GRCh38) and Freeze 10b (GRCh38), with largely overlapping sample sets. Information about how to identify other TOPMed WGS accessions for cross-study analysis, as well as descriptions of TOPMed methods of data acquisition, data processing and quality control, are provided in the accompanying documents, ""TOPMed Whole Genome Sequencing Project - Freeze 9b, Phases 1-4"" and ""TOPMed Whole Genome Sequencing Project - Freeze 10b, Phases 1-8"". Please check the study list at the top of each of these methods documents to determine whether it applies to this study accession.': 4, 'Adverse effects of the coronavirus disease 2019 (COVID19) pandemic on US society, health, and economy are widespread. The Collaborative Cohort of Cohorts for COVID-19 Research (C4R) aims to advance our knowledge on the impact of the COVID-19 pandemic in the United States. C4R is a diverse national prospective study comprising 14 long-standing prospective cohort studies and over 49,000 participants with extensive pre-COVID-19 phenotype data. C4R links pre-pandemic data on clinical and subclinical diseases and their risk factors, including behavior, cognition, biomarkers, and social determinants of health, to information on severe acute respiratory syndrome coronavirus 2 (SARS-CoV-2) infection and acute and post-acute COVID-related illness. Ascertainment of COVID-19 infection occurs via standardized questionnaires, adjudication of COVID-related hospitalizations and deaths, and SARS-CoV-2 serosurvey via dried blood spot cards. C4R is investigating the following research questions: 1) how pre-existing health conditions affect risk of severe or prolonged COVID-19 related illness; 2) how SARS-CoV-2 infection and COVID-19 illness affect long-term health; and 3) how the pandemic has affected health-related behaviors and non-COVID health outcomes. This resource will allow evaluation of risk and resilience factors for COVID-19 severity and long-term health effects. Cohort Description - The Severe Asthma Research Program (SARP) has been investigating the clinical, physiologic and molecular phenotypes of asthma since 2000. It is currently following ~400 deeply phenotyped asthma patients.': 4, 'Objectives: The objectives of the Jackson Heart Study are to: 1) investigate the associations of biological, psychosocial, and behavioral factors with the incidence atherosclerotic events and health outcomes in an African American cohort; and 2) increase access to and the participation of African American populations and scientists in biomedical research and professions.Background: It has long been recognized that African Americans share a disproportionate burden of deleterious health outcomes including diabetes, hypertension, kidney disease and early onset of cardiovascular disease. The Jackson Heart Study was initiated in 2000 to explore potential mechanisms and mediators of health outcomes in a large African American cohort. In addition, the JHS conducts a variety of community education and outreach activities to promote healthy lifestyles to reduce disease risk burden and student training programs to promote and support public health research.': 4, '""Adverse effects of the coronavirus disease 2019 (COVID19) pandemic on US society, health, and economy are widespread. The Collaborative Cohort of Cohorts for COVID-19 Research (C4R) aims to advance our knowledge on the impact of the COVID-19 pandemic in the United States. C4R is a diverse national prospective study comprising 14 long-standing prospective cohort studies and over 49,000 participants with extensive pre-COVID-19 phenotype data. C4R links pre-pandemic data on clinical and subclinical diseases and their risk factors, including behavior, cognition, biomarkers, and social determinants of health, to information on severe acute respiratory syndrome coronavirus 2 (SARS-CoV-2) infection and acute and post-acute COVID-related illness. Ascertainment of COVID-19 infection occurs via standardized questionnaires, adjudication of COVID-related hospitalizations and deaths, and SARS-CoV-2 serosurvey via dried blood spot cards. C4R is investigating the following research questions: 1) how pre-existing health conditions affect risk of severe or prolonged COVID-19 related illness; 2) how SARS-CoV-2 infection and COVID-19 illness affect long-term health; and 3) how the pandemic has affected health-related behaviors and non-COVID health outcomes. This resource will allow evaluation of risk and resilience factors for COVID-19 severity and long-term health effects.': 4, 'Objectives: The objectives of the Jackson Heart Study are to: 1) investigate the associations of biological, psychosocial, and behavioral factors with the incidence atherosclerotic events and health outcomes in an African American cohort; and 2) increase access to and the participation of African American populations and scientists in biomedical research and professions.Background: It has long been recognized that African Americans share a disproportionate burden of deleterious health outcomes including Diabetes, hypertension, kidney disease and early onset of cardiovascular disease. The Jackson Heart Study was initiated in 2000 to explore potential mechanisms and mediators of health outcomes in a large African American cohort. In addition, the JHS conducts a variety of community education and outreach activities to promote healthy lifestyles to reduce disease risk burden and student training programs to promote and support public health research.': 4, 'The Cardiovascular Health Study (CHS) is a prospective study of risk factors for development and progression of CHD and stroke in people aged 65 years and older. The 5,888 study participants were recruited from four U.S. communities and have undergone extensive clinic examinations for evaluation of markers of subclinical cardiovascular disease. The original cohort, enrolled in 1989-90, totaled 5,201 participants. A supplemental cohort of 687 predominantly African-American participants was enrolled in 1992-93. Clinic examinations were performed at study baseline and at annual visits through 1998-1999, and again in 2005-2006. Examination components included medical and personal history, medication inventory, ECG, blood pressure, anthropometry, assessment of physical and cognitive function, and depression screening. Other components done less frequently included phlebotomy, spirometry, echocardiography, carotid ultrasound, cerebral magnetic resonance imaging, measurement of ankle-brachial index and retinal exam. Participants were contacted by telephone annually between exams to collect information about hospitalizations and potential cardiovascular events. Since 1999, participants have been contacted every six months by phone, primarily to identify cardiovascular events and to assess physical and cognitive health. Standard protocols for the identification and adjudication of events were implemented during follow-up. The adjudicated events are myocardial infarction, angina, heart failure (HF), stroke, transient ischemic attack (TIA), claudication and mortality.The Cardiovascular Health Study Cohort is utilized in the following dbGaP substudies. To view genotypes, analysis, expression data, other molecular data, and derived variables collected in these substudies, please click on the following substudies below or in the ""Substudies"" section of this top-level study page phs000287 Cardiovascular Health Study (CHS) Cohort: an NHLBI-funded observational study of risk factors for cardiovascular disease in adults 65 years or older. phs000226 STAMPEED: Cardiovascular Health Study (CHS) phs000301 PAGE: CaLiCo: Cardiovascular Health Study (CHS) phs000377 CARe: Candidate Gene Association Resource (CARe) phs000400 GO-ESP: Heart Cohorts Exome Sequencing Project (CHS) phs000667 CHARGE: Cardiovascular Health Study (CHS) Study Weblinks:CHS Study Design:     Prospective Longitudinal Cohort Study Type:LongitudinalNumber of study subjects that have individual-level data available through Authorized Access:NOTE: This text was scraped from https://www.ncbi.nlm.nih.gov/phs000287 on 2021-03-17 and may not include exact formatting or images.': 4}"	string
12	subject.submitter_id	subject.A project-specific identifier for a node. This property is the calling card/nickname/alias for a unit of submission. It can be used in place of the UUID for identifying or recalling a node.	{'131024614': 1, '131156358': 1, '131118952': 1, '131094054': 1, '131003350': 1, '131051599': 1, '131143612': 1, '131148946': 1, '131002027': 1, '131124199': 1}	string
13	subject.studies.submitter_id	subject.Foreign key relating 'subject' data to 'studies'.	{'phs000280.v8.p2.c2': 10}	string
14	subject.consent_codes	subject.Data Use Restrictions that are used to indicate  permissions/restrictions for datasets and/or materials, and relates to the purposes for which datasets and/or material might be removed, stored or used. \n Based on the Data Use Ontology : see http://www.obofoundry.org/ontology/duo.html \n GRU - For general research use for any research purpose. Example of usage: This includes but is not limited to: health/medical/biomedical purposes, fundamental biology research, the study of population origins or ancestry, statistical methods and algorithms development, and social-sciences research. \n HMB - Use of the data is limited to health/medical/biomedical purposes; does not include the study of population origins or ancestry. \n DS-X - Use of the data must be related to [disease]. \n NPU - Use of the data is limited to not-for-profit organizations and not-for-profit use, non-commercial use. \n IRB - Requestor must provide documentation of local IRB/REC approval.	"{'GRU': 795840, ""['HMB']"": 151958, 'HMB,IRB': 137993, 'HMB': 82990, ""['GRU']"": 45605, ""'IRB'],['HMB'"": 36442, 'HMB-IRB': 35601, 'HMB-MDS': 31309, 'HMB,IRB,NPU': 29973, ""'IRB','MDS'],['HMB'"": 26308, 'HMB,NPU': 19407, 'HMB-IRB-NPU-MDS': 17646, 'open': 17635}"	array
15	subject.participant_id	subject.Unique identifier that can be used to retrieve more information for a participant.	{'234456': 1, '224994': 1, '223526': 1, '227887': 1, '227559': 1, '288338': 1, '231247': 1, '232485': 1, '4341158': 1, '227425': 1}	string
16	demographic.submitter_id	demographic.The unique identifier for this record in the 'demographic' table.	{'131056055-demographic': 1, '131189779-demographic': 1, '131138522-demographic': 1, '131083755-demographic': 1, '131045649-demographic': 1, '131000230-demographic': 1, '131008836-demographic': 1, '131073524-demographic': 1, '131077560-demographic': 1, '131189630-demographic': 1}	string
17	demographic.subjects.submitter_id	demographic.Foreign key relating 'demographic' data to 'subject'.	{'131056055': 1, '131189779': 1, '131138522': 1, '131083755': 1, '131045649': 1, '131000230': 1, '131008836': 1, '131073524': 1, '131077560': 1, '131189630': 1}	string
18	demographic.annotated_sex	demographic.Subject sex, as recorded by the study. (HARMONIZED)	{'female': 560191, 'male': 392924, 'unknown': 39827, 'not reported': 26525}	{'enum': ['female', 'male', 'unknown', 'unspecified', 'not reported']}
19	demographic.bmi_baseline	demographic.Body mass index calculated at baseline. (kg/m^2) (HARMONIZED)	{}	number
20	demographic.bmi_baseline	demographic.Body mass index calculated at baseline. (kg/m^2) (HARMONIZED)	{}	number
21	demographic.race	demographic.Harmonized race category of participant. Acceptable values: white,american indian or alaska native,black or african american,asian,native hawaiian or other pacific islander,hispanic,multiple,other,Unknown,not reported,not allowed to collect (HARMONIZED)	{'white': 430117, 'Unknown': 173232, 'black or african american': 124754, 'not reported': 120727, 'hispanic': 34976, 'other': 26802, 'asian': 22296}	{'enum': ['white', 'american indian or alaska native', 'black or african american', 'asian', 'native hawaiian or other pacific islander', 'hispanic', 'multiple', 'other', 'unknown', 'not reported', 'not allowed to collect']}
22	demographic.weight_baseline	demographic.Body weight at baseline. (kg) (HARMONIZED)	{}	number
23	demographic.height_baseline	demographic.Height at baseline. (cm) (HARMONIZED)	{'160': 5676, '66': 5088, '64': 5079, '65': 4922, '165': 4730, '67': 4421, '63': 4295, '163': 4289, '68': 4194, '62': 4145, '164': 4020, '162': 3916, '161': 3651, '170': 3647, '168': 3585, '158': 3570, '159': 3538, '69': 3513, '157': 3505, '166': 3375, '167': 3369}	number
24	demographic.age_at_index	demographic.The subject's age (in years) on the reference or anchor date used during date obfuscation (HARMONIZED). If age is greater than 89 years, see 'age_at_index_gt89'.	{'57': 12633, '52': 12349, '62': 12086, '59': 10975, '58': 10927, '47': 10640, '56': 10606, '60': 10557, '55': 10489, '63': 10417, '53': 10125, '61': 10055, '50': 9992, '54': 9959, '64': 9917, '65': 9851, '51': 9569, '49': 9200, '67': 9131, '66': 8928, '48': 8907, '68': 8689, '69': 8291, '70': 8243, '46': 8077, '45': 8048, '71': 7708, '72': 7622, '73': 7514, '74': 7084, '75': 6879, '76': 6701, '78': 6646, '44': 6590, '42': 6549, '43': 6449, '77': 6410, '80': 6408, '79': 6365, '89': 6235, '40': 6227, '41': 5912, '81': 5705, '39': 5565, '38': 5478, '82': 5470}	number
25	demographic.age_at_index_gt89	demographic.Indicate whether the subject's age (in years) on the reference or anchor date used during date obfuscation (HARMONIZED) is greater than 89 years.	{'No': 412845, 'Yes': 40719}	boolean
26	exposure.submitter_id	exposure.The unique identifier for this record in the 'exposure' table.	{'131167988-exposure': 1, '131195437-exposure': 1, '131038438-exposure': 1, '131193193-exposure': 1, '131137441-exposure': 1, '131069944-exposure': 1, '131033172-exposure': 1, '131139193-exposure': 1, '131071749-exposure': 1, '131162171-exposure': 1}	string
27	exposure.subjects.submitter_id	exposure.Foreign key relating 'exposure' data to 'subject'.	{'131167988': 1, '131195437': 1, '131038438': 1, '131193193': 1, '131137441': 1, '131069944': 1, '131033172': 1, '131139193': 1, '131071749': 1, '131162171': 1}	string
28	exposure.current_smoker_baseline	exposure.Indicates whether subject currently smokes cigarettes. (HARMONIZED)	{'False': 285714, 'True': 59200}	boolean
29	exposure.current_smoker_baseline	exposure.Indicates whether subject currently smokes cigarettes. (HARMONIZED)	{'False': 285714, 'True': 59200}	boolean
30	exposure.ever_smoker_baseline	exposure.Indicates whether subject ever smoked cigarettes. (HARMONIZED)	{'Current or former cigarette smoker': 187774, 'Never a cigarette smoker': 146751}	{'enum': ['Never a cigarette smoker', 'Current or former cigarette smoker']}
31	exposure.ever_smoker_baseline	exposure.Indicates whether subject ever smoked cigarettes. (HARMONIZED)	{'Current or former cigarette smoker': 187774, 'Never a cigarette smoker': 146751}	{'enum': ['Never a cigarette smoker', 'Current or former cigarette smoker']}
32	exposure.smoking_status	exposure.Smoking condition (HARMONIZED)	{'NEVER': 60577, 'FORMER': 59868, 'CURRENT': 36742}	{'enum': ['NEVER', 'FORMER', 'CURRENT']}
33	exposure.smoking_status	exposure.Smoking condition (HARMONIZED)	{'NEVER': 60577, 'FORMER': 59868, 'CURRENT': 36742}	{'enum': ['NEVER', 'FORMER', 'CURRENT']}
34	exposure.smoking_status	exposure.Smoking condition (HARMONIZED)	{'NEVER': 60577, 'FORMER': 59868, 'CURRENT': 36742}	{'enum': ['NEVER', 'FORMER', 'CURRENT']}
35	exposure.smoking_status	exposure.Smoking condition (HARMONIZED)	{'NEVER': 60577, 'FORMER': 59868, 'CURRENT': 36742}	{'enum': ['NEVER', 'FORMER', 'CURRENT']}
36	exposure.smoking_status	exposure.Smoking condition (HARMONIZED)	{'NEVER': 60577, 'FORMER': 59868, 'CURRENT': 36742}	{'enum': ['NEVER', 'FORMER', 'CURRENT']}
37	exposure.smoking_status	exposure.Smoking condition (HARMONIZED)	{'NEVER': 60577, 'FORMER': 59868, 'CURRENT': 36742}	{'enum': ['NEVER', 'FORMER', 'CURRENT']}
38	exposure.years_smoked	exposure.Numeric value (or unknown) to represent the number of years a person has been smoking (HARMONIZED). If the number of years is greater than 89, see 'years_smoked_gt89'.	{'0': 6159, '30': 817, '40': 680, '35': 465, '25': 388, '20': 349, '50': 301, '32': 279, '33': 278, '45': 275, '31': 232, '36': 226, '34': 223, '29': 201, '15': 200, '38': 198, '37': 197, '28': 187}	number
39	exposure.years_smoked_gt89	exposure.Indicate whether the numeric value to represent the number of years a person has been smoking (HARMONIZED) is greater than 89 years.	{'No': 7755, 'Yes': 685}	boolean
40	exposure.years_smoked	exposure.Numeric value (or unknown) to represent the number of years a person has been smoking (HARMONIZED). If the number of years is greater than 89, see 'years_smoked_gt89'.	{'0': 6159, '30': 817, '40': 680, '35': 465, '25': 388, '20': 349, '50': 301, '32': 279, '33': 278, '45': 275, '31': 232, '36': 226, '34': 223, '29': 201, '15': 200, '38': 198, '37': 197, '28': 187}	number
41	exposure.years_smoked_gt89	exposure.Indicate whether the numeric value to represent the number of years a person has been smoking (HARMONIZED) is greater than 89 years.	{'No': 7755, 'Yes': 685}	boolean
42	exposure.years_smoked	exposure.Numeric value (or unknown) to represent the number of years a person has been smoking (HARMONIZED). If the number of years is greater than 89, see 'years_smoked_gt89'.	{'0': 6159, '30': 817, '40': 680, '35': 465, '25': 388, '20': 349, '50': 301, '32': 279, '33': 278, '45': 275, '31': 232, '36': 226, '34': 223, '29': 201, '15': 200, '38': 198, '37': 197, '28': 187}	number
43	exposure.years_smoked_gt89	exposure.Indicate whether the numeric value to represent the number of years a person has been smoking (HARMONIZED) is greater than 89 years.	{'No': 7755, 'Yes': 685}	boolean
44	exposure.years_smoked	exposure.Numeric value (or unknown) to represent the number of years a person has been smoking (HARMONIZED). If the number of years is greater than 89, see 'years_smoked_gt89'.	{'0': 6159, '30': 817, '40': 680, '35': 465, '25': 388, '20': 349, '50': 301, '32': 279, '33': 278, '45': 275, '31': 232, '36': 226, '34': 223, '29': 201, '15': 200, '38': 198, '37': 197, '28': 187}	number
45	exposure.years_smoked_gt89	exposure.Indicate whether the numeric value to represent the number of years a person has been smoking (HARMONIZED) is greater than 89 years.	{'No': 7755, 'Yes': 685}	boolean
46	blood_pressure_test.submitter_id	blood_pressure_test.The unique identifier for this record in the 'blood_pressure_test' table.	{'652_blood_pressure_test': 1, '670_blood_pressure_test': 1, '151_blood_pressure_test': 1, '442_blood_pressure_test': 1, '33_blood_pressure_test': 1, '480_blood_pressure_test': 1, '1188_blood_pressure_test': 1, '639_blood_pressure_test': 1, '93_blood_pressure_test': 1, '618_blood_pressure_test': 1}	string
47	blood_pressure_test.subjects.submitter_id	blood_pressure_test.Foreign key relating 'blood_pressure_test' data to 'subject'.	{'652': 1, '670': 1, '151': 1, '442': 1, '33': 1, '480': 1, '1188': 1, '639': 1, '93': 1, '618': 1}	string
48	blood_pressure_test.bp_systolic	blood_pressure_test.Systolic blood pressure (mm Hg) (HARMONIZED)	{'120': 11346, '130': 10982, '110': 8969, '140': 8796, '122': 6704, '118': 6344, '124': 6339, '128': 6154, '125': 6115, '119': 5977, '126': 5905, '121': 5901, '132': 5862, '131': 5611, '129': 5579, '112': 5564, '150': 5493, '115': 5484, '135': 5465, '116': 5309, '114': 5302, '134': 5284, '138': 5259, '111': 5115, '123': 5048, '127': 4989, '136': 4869, '117': 4625, '133': 4618, '139': 4570, '109': 4506, '108': 4395, '142': 4348, '113': 4285, '141': 4276, '137': 4167, '145': 3943, '100': 3803, '144': 3642, '106': 3498}	number
49	blood_pressure_test.bp_diastolic	blood_pressure_test.Diastolic blood pressure (mm Hg) (HARMONIZED)	{'80': 21012, '70': 18886, '78': 11404, '72': 11123, '74': 10442, '71': 10314, '90': 10202, '76': 10032, '75': 9959, '79': 9951, '69': 9716, '68': 9268, '82': 9256, '81': 8814, '73': 8484, '77': 8315, '84': 7930, '60': 7214, '66': 6915, '85': 6767, '67': 6560, '83': 6553, '65': 6428, '64': 6314, '88': 6174, '86': 6108, '62': 5586, '63': 4754, '87': 4662, '89': 4638, '61': 4293}	number
50	medication.submitter_id	medication.The unique identifier for this record in the 'medication' table.	{'131099662-medication': 1, '131017013-medication': 1, '131045430-medication': 1, '131101575-medication': 1, '131074495-medication': 1, '131177093-medication': 1, '131191086-medication': 1, '131016998-medication': 1, '131087591-medication': 1, '131096912-medication': 1}	string
51	medication.subjects.submitter_id	medication.Foreign key relating 'medication' data to 'subject'.	{'131099662': 1, '131017013': 1, '131045430': 1, '131101575': 1, '131074495': 1, '131177093': 1, '131191086': 1, '131016998': 1, '131087591': 1, '131096912': 1}	string
52	medication.hypertension_meds	medication.Take medication for hypertension (HARMONIZED)	{'False': 18087, 'True': 15636}	boolean
53	medication.age_at_antihypertensive_meds	medication.age at measurement of antihypertensive_meds (years) (HARMONIZED)	{}	number
54	medical_history.submitter_id	medical_history.The unique identifier for this record in the 'medical_history' table.	{'131085431-medical_history': 1, '131191728-medical_history': 1, '131110062-medical_history': 1, '131028087-medical_history': 1, '131007175-medical_history': 1, '131177367-medical_history': 1, '131077492-medical_history': 1, '131073905-medical_history': 1, '131176357-medical_history': 1, '131083755-medical_history': 1}	string
55	medical_history.subjects.submitter_id	medical_history.Foreign key relating 'medical_history' data to 'subject'.	{'131085431': 1, '131191728': 1, '131110062': 1, '131028087': 1, '131007175': 1, '131177367': 1, '131077492': 1, '131073905': 1, '131176357': 1, '131083755': 1}	string
56	medical_history.stroke	medical_history.Reported Stroke in the participant (HARMONIZED)	{'No': 118634, 'Yes': 4988}	{'enum': ['Yes', 'No', 'Not reported', 'Unknown']}
